id,x,y,z
V1,6.580000,-0.350000,0.000000
V3,6.580000,1.820000,2.570000
V4,6.580000,1.820000,0.000000
V5,6.580000,5.800000,0.000000
