id,u,v
V1,418.000000,772.000000
V3,719.709658,304.587382
V4,708.254975,797.020884
V5,1562.932284,870.696731